id,name
1,Parsifal Chamberlaine
2,Jerrylee Bolsover
3,Moss Dives
4,Cori Aymeric
5,Filide MacGorley
6,Ken Bollard
7,Tawnya Darrel
8,Hillary Brimmacombe
9,Romona Salvin
10,Larissa Swigger
11,Juana Rhodef
12,Berkeley Wiggins
13,Nerissa Fewings
14,Ulysses De Matteis
15,Pierre Meran
16,Garik Hing
17,Idalia Tadlow
18,Fleur Sherbourne
19,Orlando Cattemull
20,Mario Layburn
21,Linnet De Giorgi
22,Kippie Hyndson
23,Gratia McQuillin
24,Nicolais Jezard
25,Latashia Atter
26,Alessandro Pulver
27,Marys Di Giacomettino
28,Gabriele Berrycloth
29,Catie Izaac
30,Ursa Abdie
31,Melony Bleby
32,Emmeline Mc Trusty
33,Hobart Geraldi
34,Elianora Petkovic
35,Lazaro McGaughey
36,Clair Braley
37,Roderigo Plante
38,Ingram Harrismith
39,Lynnea Cayle
40,Gian Gayter
41,Consuela Southcoat
42,Amelie Copo
43,Ardisj Waddams
44,Sebastien Wahner
45,Kaleena Lent
46,Rivalee Widocks
47,Janet Billingham
48,Elfreda Concannon
49,Urbain Gurko
50,Barbabra Haye
