id,person
131,Gib Happs
275,Cesya Adlam
283,Moreen Jones
16,Brunhilda Kobisch
113,Tailor Fabler
124,Ludwig Klouz
69,Isahella D'Acth
255,Laurie Cranham
97,Josefina Ogelbe
75,Franklyn Luparti
86,Mariquilla Basile
168,Jamison Golding
128,Nadean Scouler
118,Isiahi Emeney
116,Kennedy Thireau
34,Ashely Caughte
119,Malina Bever
224,Lockwood Adriaens
35,Ingamar Scholes
65,Jewel Kittles
266,Rycca Brandin
63,Terese Jaqueme
251,Kynthia Summergill
64,Birgit Franciottoi
284,Ailyn Yglesias
77,Kingsly Wimsett
7,Phebe Kochel
96,Temp Grewes
233,Guy Abramamov
238,Lanita Dunrige
44,Jessie Gatcliff
5,Stirling Laugier
155,Roderic Giffaut
247,Jojo Torn
67,Dionis Vankov
235,Doyle Shand
280,Margi Kassman
193,Minette Zanini
254,Nadine Montez
154,Deeyn Chicotti
300,Kelcie Hanstock
116,Lindy Lipprose
232,Thacher Casarili
47,Rocky Dow
114,Reta Smallthwaite
131,Goldi Woolard
84,Sidnee Elgee
99,Pru Goracci
288,Torr Thying
99,Flossy Durdle
115,Natalina Crann
44,Kassi Sandells
102,Ellwood Benninger
177,Heda Ramelot
113,Sheri Sandercock
70,Heddie Buckthought
212,Lolita MacTeague
271,Darda Trorey
95,Chicky Rubertelli
149,Norri Finnemore
28,Clair Grubey
126,Eilis Cutford
9,Rickie Millichap
103,Wilow Gilogly
148,Neile Dunkley
167,Jessa Tommis
131,Gussi Nicholl
200,Garey Brychan
155,Olivia Joffe
235,Yettie Rigeby
114,Fancie Flett
134,Jerrold Johnke
175,Gerhardine Lomath
2,Gabbi Hammerstone
207,Nerta Laborda
88,Cam Rodolphe
40,Pierre Helling
46,Ambrosi Derycot
267,Carri Gudyer
213,Jerrome Rucklidge
223,Ingaborg Beazleigh
266,Meta Pemberton
295,Leopold Grafton
41,Roxi Crummie
163,Ruby Kilby
267,Mehetabel Volage
113,Nanny Loude
192,Cornell Eddis
170,Rodie Witton
271,Robbie Doge
222,Zachery Millier
236,Alicea Pollastro
37,Dario Hearse
117,Georgina Phifer
25,Maximo Comelini
150,Tommy Proger
265,Barnie Towne
133,Kacie Biggs
108,Yolane Leatt
160,Any Dagless
153,Frederica Chanders
262,Arv Mersey
116,Kipp Coxhead
112,Anthe Duley
95,Shelly Brugsma
257,Ingeberg Thirsk
166,Antony Meehan
181,Arri Diamond
47,Dara Elvins
140,Collie Milkin
298,Phillis Lukacs
230,Skipper Burchatt
182,Malena Sheran
6,Tremaine Lunck
28,Jobey Fuggle
160,Elfrieda Skryne
61,Raviv Murdoch
237,Chaddie Smeall
243,Reeba Studdal
249,Mattie Gabbidon
107,Nickolaus Baily
100,Jorge Rigg
93,Gaye Wilkisson
294,Boyd Sabattier
111,Ralph Georgot
294,Fidelio Duchant
6,Tedi Eliot
131,Cymbre Urquhart
53,Burty Brunnen
189,Frederique St. Quentin
241,Teirtza Chatburn
258,Skip Benardette
88,Melosa Mullany
63,Gayla Dewhirst
65,Katlin Leaton
167,Barron Lis
172,Greer Cammack
205,Elsey Pitone
29,Demetre Rummings
50,Alphonso Gailor
86,Bendite Greenroad
69,Trent Beardsell
79,Tremayne Maddick
189,Rock Ballchin
54,Margeaux Keyworth
152,Emmett Zuanazzi
288,Grissel Simonite
21,Owen Garmanson
251,Alessandra Phizakarley
44,Hal Bonwick
92,Trescha Jays
286,Haywood McAndrew
6,Bentley Curgenven
103,Melessa MacTeggart
130,Jenda Broster
140,Irv Keane
129,Ulla Bauldry
286,Quintin Manshaw
255,Marsh Philo
50,Christy Callacher
17,Jaine Farens
250,Munroe Baron
61,Deloris Rown
58,Jenilee Caulwell
187,Carly Du Plantier
292,Shayna Eakins
174,Garth Soigne
260,Vernice Schade
123,Kaycee Maclean
159,Alessandra Melton
135,Ellissa Beidebeke
297,Tracey Idill
184,Gorden Goodwyn
78,Maudie Kennett
97,Augy Sambedge
101,Murray Done
237,Cally Dillimore
131,Rogerio Girardin
162,Anatola Petrelli
136,Regine Breacher
268,Deena Hagergham
274,Bret Walkinshaw
67,Barbara Emberton
129,Dar Boggish
68,Hector Pinney
92,Bank Privett
221,Lidia Persian
126,Moyna Tommen
257,Daisie Polding
103,Mala Sussams
276,Phebe Patman
130,Vilma Kingett
225,Kaile Rossey
188,Elisabet McNirlan
156,Babbette Brittian
6,Alexandrina Mapstone
39,Stillmann Stolberg
5,Dulciana Lauderdale
252,Binny Sexstone
45,Gabi O'Hederscoll
1,Christina Bartelot
192,Heddi Blindt
298,Vince Marquet
236,Dunstan Trace
245,Caresa Simpson
3,Jecho Faltin
239,Fiona Rookledge
203,Salvidor Birchill
136,Dacia Trounson
154,Margit Possa
157,Clerissa Leteurtre
201,Alika Jellico
271,Stearn Abrahmson
7,Jenilee Penelli
291,Ashly Iggulden
260,Melly Dobrovsky
220,Darrin Blaszczak
128,Hill Neising
37,Cherey Bend
50,Marshall Wanne
133,Phedra Le Hucquet
28,Garner Morse
150,Lib Hakking
63,Garald Medgewick
190,Danette Gimbrett
223,Eryn Carrigan
92,Jehu Rowett
38,Crista MacAvddy
212,Ebony Clutterham
263,Obed Gillbee
165,Jedidiah Leidl
26,Shepperd Hulls
166,Bette-ann Upwood
258,Felice Mowatt
21,Eugenie Caunce
193,Ellerey Swash
108,Eudora Lorkins
41,Britta Sclanders
289,Somerset Etchell
209,Rollo Burchill
176,Aurelea Urey
215,Darcy Lecointe
162,Karoly Thripp
57,Maurene Runchman
188,Giralda Ellar
101,Claudio Marney
81,Walliw Chadd
215,Margie Abelwhite
79,Gradey Feye
166,Netti Jeratt
18,Verene Dunge
233,Amargo Balden
272,Leia Ainsworth
134,Angelle Addington
128,Aymer Hegerty
241,Ruthi Chiommienti
260,Babara Cockhill
117,Artie Banks
78,Hamnet Rosengart
195,Elke Ascough
203,Barbara-anne Simoncelli
153,Selle Leaves
220,Rafaelia Katt
122,Jaymie Scimone
55,Vally Borsnall
274,Felita Twigge
195,Gilli Cuxon
209,Janeta Aiskrigg
191,Amy Lunk
173,Lukas Cooksey
105,Ardella Sheilds
138,Ann-marie Abrahamsen
150,Diandra Elson
118,Cacilia Perryman
95,Kermie Locker
269,Mauricio Brooksbie
80,Gene Northleigh
258,Sherwood Gimbrett
283,Nessy Joscelin
158,Shelley Coursor
2,Abraham Hartil
144,Tiphanie Gatward
204,Patrizia Batchelder
98,Kendall Logsdail
24,Latrena Renols
284,Audi Rawlingson
174,Maurita Bowes
191,Curry Henric
108,Roobbie Hartegan
105,Arie Songhurst
100,Norbert Maryska
66,Osmond Doodney
140,Darcy Lowen
172,Brett Phetteplace
194,Carrie Kitchin
66,Farah Bayldon
76,Gertie Brownsword
14,Anderson Hallgate
48,Alyce De Dei
202,Karita Korneichuk
117,Barny Goatman
22,Vivyan Pavia
109,Gregor Valois
136,Darrel Heeran
276,Sara-ann Daveridge
116,Monroe Sedgeworth
177,Pierre Flemming
244,Bart Shortcliffe
89,Elane Larciere
288,Dynah Bucher
268,Clerissa Shyram
72,Ford Wardlow
100,Gordie Cosbee
122,Louis Culley
200,Arnie Krauze
274,Rosina Duffan
233,Bonnibelle Mathon
234,Winona Glassford
185,Rogers Dibdale
290,Rutherford Reubbens
184,Maddi Scanes
249,Drucill Borge
170,Genevieve MacRanald
227,Fawn Bottelstone
253,Basilius Everwin
224,Garrett Oldnall
190,Chadwick Sharvell
93,Leonore Well
12,Lodovico McKearnen
251,Teressa Sancho
157,Bambie Winslade
212,Christopher Dickings
227,Dorelia Whimp
150,Cordell Dionisio
27,Korie Schurig
210,Jacquenette Kees
167,Olag Sheather
230,Katleen Vockins
254,Joella Banasik
274,Noreen Catto
40,Ray Potts
169,Garvy Ervin
40,Morly Matiebe
280,Tamarra Dearden
223,Sondra Sagerson
223,Dora Charrington
162,Lilli Gershom
281,Moria Stedall
1,Laura Sreenan
285,Harli Dmych
112,Violet Lambdean
125,Eveleen Molden
92,Rowe Brettelle
63,Aloin Menear
210,Austin O'Lennachain
234,Zachariah Knolles-Green
73,Latashia Gooderick
164,Grissel Talton
82,Mariann Lago
114,Karlik Guarnier
6,Rodrick Voak
24,Maressa Bottle
274,Luke Cartmer
88,Joanne Tuther
69,Cordy Shipton
195,Rana Mumbray
274,Tremaine Rosellini
44,Abbot Whitworth
50,Bea Grigolashvill
39,Timothee King
280,Tabatha Fortman
184,Dall Semonin
242,Edik Rousel
242,Broddie Francey
156,Gwyn Muckloe
165,Jillian Stockow
143,Albertina Lorek
25,Dorrie Rumble
194,Rubin Sheere
151,Ilyssa Luscott
207,Ker Poles
66,Jerri Barter
271,Frederica Gasken
261,Rourke McCague
139,Herminia Gonthier
180,Diarmid Killingbeck
1,Dore Batterson
192,Libby Simyson
268,Frances Torald
244,Vivianne Lakin
207,Whitman Arnould
158,Sheryl Elph
55,Mala Benzie
161,Lewes Mantripp
55,Rosie Barts
153,Hollyanne Selvester
4,Liana Siemianowicz
222,Fayette Abramamov
219,Judah Pawelczyk
271,Thorpe Hambleton
278,Cecile East
26,Winfred Pembery
124,Kaja Kearey
213,Candide Rasher
63,Aldous Merrett
246,Adoree Hazart
29,Angil Dottrell
216,Niko Tyrer
154,Hanan Bussen
285,Junie Dugan
227,Genny Walkey
70,Lucias Coysh
148,Melodie Francesco
292,Ashlin Deare
32,Marty Cratere
81,Thane Farris
283,Bev Mattioni
215,Archy Lamplough
240,Maury Guinery
75,Marvin Cossor
168,Sherill Sugars
29,Joice Olyfat
178,Aveline Sandells
40,Minne Longhirst
58,Mildrid Laughlin
178,Francklin Sleigh
260,Raimondo Arrighini
230,Moina Micah
291,Lorita Inchley
210,Salim Mariet
160,Ebony Leeming
62,Kettie Ramstead
241,Etienne Smallsman
34,Anallese Caen
97,Wade Garton
152,Albertina Bachellier
263,Lee Mehew
109,Hanna Mughal
47,Berkly Dugall
126,Kiah Manby
264,Geneva Revance
288,Immanuel Heinle
105,Dottie Vogeler
71,Aron Rummery
230,Davie Ziehm
285,Marget Killock
42,Cristabel Osler
272,Lucilia Enga
82,Kort Coorington
19,Burl Shirtcliffe
247,Franchot De Carlo
228,Maurise Bigglestone
288,Nichole Petrina
45,Eirena Wattinham
70,Constancy Lofty
200,Eli Tothe
218,Arlene Ledgeway
213,Blinni Sedgemond
106,Zeke Lundbeck
102,Domingo Macourek
106,Cindi Moogan
59,Basilius Kenneway
285,Leonhard Kenzie
251,Marys Mordue
280,Wes Brosetti
134,Amerigo Sneddon
121,Jillie Crosfeld
227,Helaine Griffoen
20,Haywood Schindler
22,Eliza Douch
65,Tammara Prest
258,Julie Ruffey
31,Isac Bristowe
237,Doy Riply
149,Sarine Marsham
47,Lonna Iacobacci
163,Doralin Greatorex
51,Joelie Northley
179,Ludovika Crosthwaite
90,Manda Zannutti
73,Lillis Livoir
87,Ilise Buckney
203,Carmencita Kalewe
281,Kristofor Petrasso
238,Marilee Slowley
207,Theodosia Laxon
136,Rita Allchin
125,Hubey Schorah
13,Shelbi Etheridge
287,Torrence Lygo
26,Ody Beardshaw
136,Bartholomew Warrack
275,Shelly Butts
112,Hastings Tunnick
7,Vernon Mattiato
190,Orly Di Bartolomeo
144,Cortie Skett
143,Dyanne Shearmur
24,Marlow Chalke
76,Emanuele Panter
